tag,subcategory
+_-,其他
1other,其他
6_9,其他
<o>_<o>,其他
abdomen_swell,体型/身材
abdomen_tail,种族/兽化/幻想特征
abs,体型/身材
absurdly_fat_mons,生殖/私密部位
absurdly_long_hair,头发/发型
accessory_tan,皮肤/体表
adam's_apple,脸部/头部特征
aegyo_sal,脸部/头部特征
afro,头发/发型
age_difference,年龄/性别/身份
age_regression,年龄/性别/身份
aged_down,年龄/性别/身份
aged_up,年龄/性别/身份
ahoge,头发/发型
ahoge_removed,头发/发型
albino,皮肤/体表
alien,种族/兽化/幻想特征
alpaca_ears,种族/兽化/幻想特征
alpaca_girl,种族/兽化/幻想特征
alpaca_tail,种族/兽化/幻想特征
alpha_pokemon,种族/兽化/幻想特征
alraune,种族/兽化/幻想特征
alternate_animal_ears,种族/兽化/幻想特征
alternate_body_fluid,其他
alternate_body_hair,皮肤/体表
alternate_body_size,体型/身材
alternate_breast_size,胸部特征
alternate_eye_color,眼睛/瞳孔
alternate_facial_hair,脸部/头部特征
alternate_form,其他
alternate_hair_color,头发/发型
alternate_hair_length,头发/发型
alternate_hairstyle,头发/发型
alternate_height,体型/身材
alternate_horns,种族/兽化/幻想特征
alternate_muscle_size,体型/身材
alternate_pectoral_size,胸部特征
alternate_scar,纹身/疤痕/穿孔/标记
alternate_shiny_pokemon,种族/兽化/幻想特征
alternate_size,体型/身材
alternate_skin_color,皮肤/体表
alternate_species,种族/兽化/幻想特征
alternate_streak_color,头发/发型
alternate_tail,种族/兽化/幻想特征
alternate_wings,种族/兽化/幻想特征
amazon_warrior,年龄/性别/身份
ambiguous_gender,年龄/性别/身份
amemiya_taiyou_(mixi_max_zhuge_kongming),其他
amputee,四肢/手脚
anal_hair,生殖/私密部位
anal_prolapse,生殖/私密部位
anatomical_nonsense,其他
androgynous,年龄/性别/身份
android,种族/兽化/幻想特征
angel,种族/兽化/幻想特征
animal_ear_fluff,种族/兽化/幻想特征
animal_feet,种族/兽化/幻想特征
animal_frills,种族/兽化/幻想特征
animal_hands,种族/兽化/幻想特征
animal_head,种族/兽化/幻想特征
animal_nose,种族/兽化/幻想特征
animal_penis,生殖/私密部位
animal_with_human_ears,种族/兽化/幻想特征
animalization,种族/兽化/幻想特征
ant_girl,种族/兽化/幻想特征
anteater_ears,种族/兽化/幻想特征
anteater_tail,种族/兽化/幻想特征
antelope_ears,种族/兽化/幻想特征
antenna_hair,头发/发型
antennae,种族/兽化/幻想特征
anti-eyebrow_piercing,纹身/疤痕/穿孔/标记
antlers,种族/兽化/幻想特征
anus,生殖/私密部位
aqua_blood,其他
aqua_fur,皮肤/体表
aqua_hair,头发/发型
aqua_lips,脸部/头部特征
aqua_nails,皮肤/体表
aqua_nipples,胸部特征
aqua_pubic_hair,生殖/私密部位
aqua_pussy,生殖/私密部位
aqua_sclera,眼睛/瞳孔
aqua_skin,皮肤/体表
aqua_streaks,头发/发型
aqua_tail,种族/兽化/幻想特征
aquiline_nose,脸部/头部特征
arachne,种族/兽化/幻想特征
arachne_boy,种族/兽化/幻想特征
arched_bangs,头发/发型
archon_mark,纹身/疤痕/穿孔/标记
areola_piercing,纹身/疤痕/穿孔/标记
areolae,胸部特征
arm_hair,皮肤/体表
arm_tattoo,纹身/疤痕/穿孔/标记
armadillo_ears,种族/兽化/幻想特征
armadillo_tail,种族/兽化/幻想特征
armless_amputee,四肢/手脚
armpit_crease,皮肤/体表
armpit_hair,皮肤/体表
armpit_hair_peek,皮肤/体表
armpit_pussy,异常解剖/附加器官
armpit_stubble,皮肤/体表
armpits,其他
arrancar,种族/兽化/幻想特征
arthropod_boy,种族/兽化/幻想特征
arthropod_girl,种族/兽化/幻想特征
arthropod_limbs,种族/兽化/幻想特征
artificial_eye,眼睛/瞳孔
asari_(mass_effect),种族/兽化/幻想特征
asian,其他
ass,生殖/私密部位
ass_expansion,体型/身材
ass_freckles,皮肤/体表
ass_visible_through_thighs,其他
asthma,其他
astronaut,年龄/性别/身份
asura_(guild_wars),种族/兽化/幻想特征
asura_(mythology),种族/兽化/幻想特征
asymmetrical_arms,四肢/手脚
asymmetrical_bangs,头发/发型
asymmetrical_breasts,胸部特征
asymmetrical_eyes,眼睛/瞳孔
asymmetrical_horns,种族/兽化/幻想特征
asymmetrical_nipples,胸部特征
asymmetrical_sidelocks,头发/发型
asymmetrical_wings,种族/兽化/幻想特征
au_ra,种族/兽化/幻想特征
axolotl_ears,种族/兽化/幻想特征
axolotl_tail,种族/兽化/幻想特征
baboon,种族/兽化/幻想特征
baby,年龄/性别/身份
baby_neopet,种族/兽化/幻想特征
back,其他
back_hair,皮肤/体表
back_muscles,体型/身材
back_tattoo,纹身/疤痕/穿孔/标记
backboob,异常解剖/附加器官
bad_arm,四肢/手脚
bad_ass,其他
bad_feet,四肢/手脚
bad_leg,四肢/手脚
bad_neck,其他
bad_vulva,生殖/私密部位
badger_ears,种族/兽化/幻想特征
badger_tail,种族/兽化/幻想特征
bags_under_eyes,脸部/头部特征
bald,头发/发型
bald_girl,头发/发型
balding,头发/发型
ballerina,年龄/性别/身份
banchou,年龄/性别/身份
bandaged_arm,四肢/手脚
bandaged_ear,脸部/头部特征
bandaged_hand,四肢/手脚
bandaged_tail,其他
bandaged_wings,其他
bangaa,种族/兽化/幻想特征
baphomet,种族/兽化/幻想特征
barbed_tongue,脸部/头部特征
bare_arms,四肢/手脚
bare_legs,四肢/手脚
barefoot,四肢/手脚
bat_boy,种族/兽化/幻想特征
bat_ears,种族/兽化/幻想特征
bat_girl,种族/兽化/幻想特征
bat_tail,种族/兽化/幻想特征
bat_tattoo,纹身/疤痕/穿孔/标记
bat_wings,种族/兽化/幻想特征
battle_chatelaine,年龄/性别/身份
beak,脸部/头部特征
bear_boy,种族/兽化/幻想特征
bear_ears,种族/兽化/幻想特征
bear_girl,种族/兽化/幻想特征
bear_tail,种族/兽化/幻想特征
beard,脸部/头部特征
beard_stubble,脸部/头部特征
bearded_girl,脸部/头部特征
beaver_ears,种族/兽化/幻想特征
beaver_tail,种族/兽化/幻想特征
bee_boy,种族/兽化/幻想特征
bee_girl,种族/兽化/幻想特征
bee_wings,种族/兽化/幻想特征
beehive_hairdo,头发/发型
beetle_boy,种族/兽化/幻想特征
beetle_girl,种族/兽化/幻想特征
belly,其他
benizuwaigani_(nijisanji),其他
biceps,体型/身材
bifurcated_jaw,脸部/头部特征
big_belly,体型/身材
big_eyes,眼睛/瞳孔
big_hair,头发/发型
big_head,脸部/头部特征
big_mouth,脸部/头部特征
bikini_tan,皮肤/体表
bimbofication,年龄/性别/身份
bird_boy,种族/兽化/幻想特征
bird_ears,种族/兽化/幻想特征
bird_girl,种族/兽化/幻想特征
bird_legs,种族/兽化/幻想特征
bird_tail,种族/兽化/幻想特征
bird_tattoo,纹身/疤痕/穿孔/标记
bird_wings,种族/兽化/幻想特征
birthmark,纹身/疤痕/穿孔/标记
bishoujo_long,年龄/性别/身份
bishounen,年龄/性别/身份
bite_mark,纹身/疤痕/穿孔/标记
bite_mark_on_arm,纹身/疤痕/穿孔/标记
bite_mark_on_back,纹身/疤痕/穿孔/标记
bite_mark_on_breast,纹身/疤痕/穿孔/标记
bite_mark_on_chest,纹身/疤痕/穿孔/标记
bite_mark_on_hand,纹身/疤痕/穿孔/标记
bite_mark_on_leg,纹身/疤痕/穿孔/标记
bite_mark_on_neck,纹身/疤痕/穿孔/标记
bite_mark_on_shoulder,纹身/疤痕/穿孔/标记
bite_mark_on_thigh,纹身/疤痕/穿孔/标记
biwa_bokuboku,年龄/性别/身份
black_claws,种族/兽化/幻想特征
black_dog,种族/兽化/幻想特征
black_eyes,眼睛/瞳孔
black_fur,皮肤/体表
black_hair,头发/发型
black_hands,四肢/手脚
black_horns,种族/兽化/幻想特征
black_lips,脸部/头部特征
black_nails,皮肤/体表
black_nipples,胸部特征
black_pubic_hair,生殖/私密部位
black_scales,皮肤/体表
black_sclera,眼睛/瞳孔
black_skin,皮肤/体表
black_tail,种族/兽化/幻想特征
black_teeth,脸部/头部特征
black_wings,种族/兽化/幻想特征
blade_arm,四肢/手脚
blade_horns,种族/兽化/幻想特征
blank_eyes,眼睛/瞳孔
bleeding,其他
blind,其他
blonde_hair,头发/发型
blonde_pubic_hair,生殖/私密部位
blood-soaked,其他
blood_elf_(warcraft),种族/兽化/幻想特征
blood_from_eyes,其他
blood_from_mouth,其他
blood_in_hair,其他
blood_on_arm,其他
blood_on_back,其他
blood_on_body,其他
blood_on_cheek,其他
blood_on_chest,其他
blood_on_ears,其他
blood_on_feet,其他
blood_on_iei,其他
blood_on_leg,其他
blood_on_mouth,其他
blood_on_pectorals,其他
blood_on_penis,其他
blood_on_shoulder,其他
blood_on_skeleton,其他
blood_on_stomach,其他
blood_on_tongue,其他
bloodshot_eyes,眼睛/瞳孔
blowhole,种族/兽化/幻想特征
blue_blood,种族/兽化/幻想特征
blue_eyes,眼睛/瞳孔
blue_fur,皮肤/体表
blue_hair,头发/发型
blue_hands,四肢/手脚
blue_horns,种族/兽化/幻想特征
blue_lips,脸部/头部特征
blue_mouth,脸部/头部特征
blue_nails,皮肤/体表
blue_nipples,胸部特征
blue_oni,种族/兽化/幻想特征
blue_pubic_hair,生殖/私密部位
blue_pupils,眼睛/瞳孔
blue_pussy,生殖/私密部位
blue_sclera,眼睛/瞳孔
blue_skin,皮肤/体表
blue_streaks,头发/发型
blue_tail,种族/兽化/幻想特征
blue_tongue,脸部/头部特征
blue_wings,种族/兽化/幻想特征
blunt_bangs,头发/发型
blunt_ends,头发/发型
blunt_sidelocks,头发/发型
blunt_tresses,头发/发型
boar_boy,种族/兽化/幻想特征
boar_ears,种族/兽化/幻想特征
boar_tail,种族/兽化/幻想特征
bob_cut,头发/发型
body_blush,皮肤/体表
body_freckles,皮肤/体表
body_fur,皮肤/体表
body_hair,皮肤/体表
body_markings,纹身/疤痕/穿孔/标记
body_modification,其他
body_writing,纹身/疤痕/穿孔/标记
bodybuilder,体型/身材
bone,异常解剖/附加器官
bone-shaped_pupils,眼睛/瞳孔
bone_tail,异常解剖/附加器官
bonkyubon,头发/发型
book_head,异常解剖/附加器官
borrowed_hairstyle,头发/发型
bottle_tattoo,纹身/疤痕/穿孔/标记
bound_penis,生殖/私密部位
bound_tail,种族/兽化/幻想特征
bound_toes,四肢/手脚
bow-shaped_hair,头发/发型
bow_shimada,头发/发型
bowed_wings,种族/兽化/幻想特征
bowl_cut,头发/发型
boxer,年龄/性别/身份
boxification,异常解剖/附加器官
bracelet_tan,皮肤/体表
braces,脸部/头部特征
braid,头发/发型
braided_beard,脸部/头部特征
braided_bun,头发/发型
braided_mustache,脸部/头部特征
braided_ponytail,头发/发型
braided_sidelock,头发/发型
brand_of_the_exalt,纹身/疤痕/穿孔/标记
branded,纹身/疤痕/穿孔/标记
breast_expansion,胸部特征
breast_piercing,胸部特征
breast_reduction,胸部特征
breast_size_switch,胸部特征
breast_tattoo,胸部特征
breasts,胸部特征
breasts_apart,胸部特征
bright_pupils,眼睛/瞳孔
broad_shoulders,体型/身材
broken_arm,四肢/手脚
broken_horn,种族/兽化/幻想特征
broken_horns,种族/兽化/幻想特征
broken_leg,四肢/手脚
brown_eyes,眼睛/瞳孔
brown_fur,皮肤/体表
brown_hair,头发/发型
brown_horns,种族/兽化/幻想特征
brown_lips,脸部/头部特征
brown_nails,皮肤/体表
brown_scales,皮肤/体表
brown_sclera,眼睛/瞳孔
brown_tail,种族/兽化/幻想特征
brown_wings,种族/兽化/幻想特征
bruise,皮肤/体表
bruise_on_face,脸部/头部特征
bruised_eye,脸部/头部特征
buck_teeth,脸部/头部特征
bulge,生殖/私密部位
bulging_penis,生殖/私密部位
bullet_tattoo,纹身/疤痕/穿孔/标记
bun_ends,头发/发型
bun_with_braided_base,头发/发型
burmecian,其他
burn_scar,纹身/疤痕/穿孔/标记
burnt,皮肤/体表
burnt_hair,头发/发型
bursting_breasts,胸部特征
butt_crack,生殖/私密部位
butterfly-shaped_pupils,眼睛/瞳孔
butterfly_facial_mark,纹身/疤痕/穿孔/标记
butterfly_girl,种族/兽化/幻想特征
butterfly_tattoo,纹身/疤痕/穿孔/标记
button_eyes,脸部/头部特征
buzz_cut,头发/发型
byakugan,眼睛/瞳孔
cabbit,种族/兽化/幻想特征
cable_hair,异常解剖/附加器官
cable_tail,种族/兽化/幻想特征
cactus_girl,种族/兽化/幻想特征
calico,皮肤/体表
calico_cat,种族/兽化/幻想特征
calves,四肢/手脚
camel_ears,种族/兽化/幻想特征
camel_tail,种族/兽化/幻想特征
capybara_ears,种族/兽化/幻想特征
carapace,种族/兽化/幻想特征
card_creature,年龄/性别/身份
cat's_tongue,种族/兽化/幻想特征
cat-shaped_pupils,眼睛/瞳孔
cat_boy,种族/兽化/幻想特征
cat_feet,种族/兽化/幻想特征
cat_girl,种族/兽化/幻想特征
cat_paws,种族/兽化/幻想特征
cat_tail,种族/兽化/幻想特征
cat_tattoo,纹身/疤痕/穿孔/标记
caterpillar_girl,种族/兽化/幻想特征
cellulite,皮肤/体表
centaur,种族/兽化/幻想特征
centauroid,种族/兽化/幻想特征
center-flap_bangs,头发/发型
centipede_boy,种族/兽化/幻想特征
centipede_girl,种族/兽化/幻想特征
cephalopod_eyes,眼睛/瞳孔
cervix,生殖/私密部位
cetacean_tail,种族/兽化/幻想特征
chameleon_girl,种族/兽化/幻想特征
chameleon_tail,种族/兽化/幻想特征
chao_(sonic),种族/兽化/幻想特征
character_age,年龄/性别/身份
character_tattoo,纹身/疤痕/穿孔/标记
cheekbones,脸部/头部特征
cheetah_girl,种族/兽化/幻想特征
cheetah_tail,种族/兽化/幻想特征
cherub,种族/兽化/幻想特征
chest_hair,皮肤/体表
chest_mouth,异常解剖/附加器官
chest_tattoo,纹身/疤痕/穿孔/标记
chest_tuft,皮肤/体表
chestnut_mouth,脸部/头部特征
chibi,体型/身材
chicken_boy,种族/兽化/幻想特征
chicken_girl,种族/兽化/幻想特征
chiester_sisters,其他
chimera,种族/兽化/幻想特征
chimerism,皮肤/体表
chinchilla_ears,种族/兽化/幻想特征
chinchilla_tail,种族/兽化/幻想特征
chinstrap_beard,脸部/头部特征
chipmunk_ears,种族/兽化/幻想特征
chipmunk_girl,种族/兽化/幻想特征
chipmunk_tail,种族/兽化/幻想特征
chonmage,头发/发型
choppy_bangs,头发/发型
chuunibyou,年龄/性别/身份
cinnamiku_hairstyle,头发/发型
circle_facial_mark,纹身/疤痕/穿孔/标记
circumcision_scar,纹身/疤痕/穿孔/标记
claws,四肢/手脚
cleavage,胸部特征
cleft_chin,脸部/头部特征
cleft_of_venus,生殖/私密部位
clitoral_hood,生殖/私密部位
clitoris,生殖/私密部位
clitoris_expansion,生殖/私密部位
cloaca,异常解剖/附加器官
clothing_mark,其他
cloud_hair,头发/发型
cloud_tattoo,纹身/疤痕/穿孔/标记
clover-shaped_pupils,眼睛/瞳孔
clover_facial_mark,纹身/疤痕/穿孔/标记
club-shaped_pupils,眼睛/瞳孔
club_facial_mark,纹身/疤痕/穿孔/标记
cockroach_girl,种族/兽化/幻想特征
collarbone,其他
colored_areolae,胸部特征
colored_armpit_hair,皮肤/体表
colored_extremities,皮肤/体表
colored_eyelashes,脸部/头部特征
colored_inner_animal_ears,种族/兽化/幻想特征
colored_inner_hair,头发/发型
colored_nipples,胸部特征
colored_pubic_hair,生殖/私密部位
colored_pussy,生殖/私密部位
colored_sclera,眼睛/瞳孔
colored_skin,皮肤/体表
colored_teeth,脸部/头部特征
colored_tips,头发/发型
colored_tongue,脸部/头部特征
completely_nude,其他
compound_eyes,眼睛/瞳孔
compressed_breasts,胸部特征
cone_hair_bun,头发/发型
cone_horns,种族/兽化/幻想特征
conjoined,异常解剖/附加器官
connected_beard,脸部/头部特征
constricted_pupils,眼睛/瞳孔
convenient_breasts,胸部特征
cornrows,头发/发型
covered_collarbone,其他
covered_eyes,其他
covered_penis,其他
cow_tail,种族/兽化/幻想特征
cowlick,头发/发型
crab_girl,种族/兽化/幻想特征
cracked_skin,皮肤/体表
crescent-shaped_pupils,眼睛/瞳孔
crescent_facial_mark,纹身/疤痕/穿孔/标记
crescent_tattoo,纹身/疤痕/穿孔/标记
crested_hair,头发/发型
crew_cut,头发/发型
crocodile_boy,种族/兽化/幻想特征
crocodile_girl,种族/兽化/幻想特征
crocodilian_tail,种族/兽化/幻想特征
cross-eyed,眼睛/瞳孔
cross-shaped_pupils,眼睛/瞳孔
cross_facial_mark,纹身/疤痕/穿孔/标记
cross_scar,纹身/疤痕/穿孔/标记
cross_tattoo,纹身/疤痕/穿孔/标记
crossed_bangs,头发/发型
crotch,生殖/私密部位
crown_braid,头发/发型
crown_tattoo,纹身/疤痕/穿孔/标记
crystal_hair,头发/发型
crystal_horns,种族/兽化/幻想特征
crystal_tail,种族/兽化/幻想特征
crystal_wings,种族/兽化/幻想特征
crystallization,皮肤/体表
cum_in_navel,其他
cum_in_nipple,胸部特征
cum_in_urethra,生殖/私密部位
cum_on_penis,生殖/私密部位
cum_on_testicles,生殖/私密部位
cuntboy,年龄/性别/身份
cup_size,胸部特征
cupid,种族/兽化/幻想特征
curled_ends,头发/发型
curled_horns,种族/兽化/幻想特征
curled_tail,种族/兽化/幻想特征
curly_eyebrows,脸部/头部特征
curly_hair,头发/发型
curly_sidelocks,头发/发型
curtained_hair,头发/发型
curved_penis,生殖/私密部位
curvy,体型/身材
cut_bangs,头发/发型
cutie_mark,纹身/疤痕/穿孔/标记
cuts,皮肤/体表
cyborg,异常解剖/附加器官
cyclist,年龄/性别/身份
cyclops,种族/兽化/幻想特征
dandruff,皮肤/体表
dangling_eye,异常解剖/附加器官
darigan_neopet,种族/兽化/幻想特征
dark-skinned_female,皮肤/体表
dark-skinned_male,皮肤/体表
dark_anus,生殖/私密部位
dark_areolae,胸部特征
dark_blue_hair,头发/发型
dark_cure_(yes!_precure_5),年龄/性别/身份
dark_elf,种族/兽化/幻想特征
dark_green_hair,头发/发型
dark_labia,生殖/私密部位
dark_nanoha,年龄/性别/身份
dark_nipples,胸部特征
dark_penis,生殖/私密部位
dark_persona,其他
dark_red_hair,头发/发型
dark_skin,皮肤/体表
deaf,其他
deep_wound,皮肤/体表
deer_boy,种族/兽化/幻想特征
deer_ears,种族/兽化/幻想特征
deer_girl,种族/兽化/幻想特征
deformed,异常解剖/附加器官
dekal_(elsword),年龄/性别/身份
deltoids,体型/身材
demon,种族/兽化/幻想特征
demon_boy,种族/兽化/幻想特征
demon_girl,种族/兽化/幻想特征
demon_horns,种族/兽化/幻想特征
demon_primarch,年龄/性别/身份
demon_tail,种族/兽化/幻想特征
demonic_creature,种族/兽化/幻想特征
detachable_penis,异常解剖/附加器官
detached_ahoge,头发/发型
detached_arm,异常解剖/附加器官
detached_hair,头发/发型
detached_legs,异常解剖/附加器官
detached_tail,异常解剖/附加器官
detached_wings,异常解剖/附加器官
devil_bringer,年龄/性别/身份
dezombification,其他
diagonal_bangs,头发/发型
diamond-shaped_pupils,眼睛/瞳孔
diamond_facial_mark,纹身/疤痕/穿孔/标记
digitigrade,四肢/手脚
dilated_pupils,眼睛/瞳孔
dimple,脸部/头部特征
dimple_facial_mark,脸部/头部特征
dimples_of_venus,体型/身材
dinosaur_boy,种族/兽化/幻想特征
dinosaur_girl,种族/兽化/幻想特征
dinosaur_tail,种族/兽化/幻想特征
dirty_face,皮肤/体表
dirty_feet,皮肤/体表
disembodied_foot,异常解剖/附加器官
disembodied_head,异常解剖/附加器官
disheveled,头发/发型
divine_being,种族/兽化/幻想特征
dodomeki,异常解剖/附加器官
dog_boy,种族/兽化/幻想特征
dog_ears,种族/兽化/幻想特征
dog_girl,种族/兽化/幻想特征
dog_penis,生殖/私密部位
dog_tail,种族/兽化/幻想特征
dojikko,年龄/性别/身份
doll_joints,四肢/手脚
dolphin_girl,种族/兽化/幻想特征
donkey_ears,种族/兽化/幻想特征
donkey_tail,种族/兽化/幻想特征
doppel_(madoka_magica),种族/兽化/幻想特征
dorotabou,其他
dorsal_fin,种族/兽化/幻想特征
dot_nose,脸部/头部特征
double-parted_bangs,头发/发型
double-parted_hair,头发/发型
double_amputee,四肢/手脚
double_bun,头发/发型
double_chin,脸部/头部特征
double_tanline,皮肤/体表
doughnut_hair_bun,头发/发型
draenei,种族/兽化/幻想特征
dragon_boy,种族/兽化/幻想特征
dragon_bubble_(arknights),种族/兽化/幻想特征
dragon_ears,种族/兽化/幻想特征
dragon_girl,种族/兽化/幻想特征
dragon_horns,种族/兽化/幻想特征
dragon_tail,种族/兽化/幻想特征
dragon_tail_(pokemon),种族/兽化/幻想特征
dragon_wings,种族/兽化/幻想特征
dragonborn_(d&d),种族/兽化/幻想特征
dragonfly_wings,种族/兽化/幻想特征
draph,种族/兽化/幻想特征
dreadlocks,头发/发型
drill_hair,头发/发型
drill_ponytail,头发/发型
drill_sidelocks,头发/发型
droopy_ears,脸部/头部特征
drop-shaped_pupils,眼睛/瞳孔
dryad,种族/兽化/幻想特征
duck_boy,种族/兽化/幻想特征
duck_girl,种族/兽化/幻想特征
dullahan,种族/兽化/幻想特征
dwarf,种族/兽化/幻想特征
dyed_ahoge,头发/发型
dyed_bangs,头发/发型
ear_birthmark,纹身/疤痕/穿孔/标记
ear_piercing,纹身/疤痕/穿孔/标记
ear_tufts,脸部/头部特征
eastern_dragon,种族/兽化/幻想特征
eastern_dragon_horns,种族/兽化/幻想特征
eastern_dragon_tail,种族/兽化/幻想特征
eel_boy,种族/兽化/幻想特征
eel_girl,种族/兽化/幻想特征
eevee_ears,种族/兽化/幻想特征
eevee_tail,种族/兽化/幻想特征
egyptian_toe,四肢/手脚
electric_plug_tail,异常解剖/附加器官
elephant_boy,种族/兽化/幻想特征
elephant_ears,脸部/头部特征
elephant_girl,种族/兽化/幻想特征
elephant_tail,种族/兽化/幻想特征
elezen,种族/兽化/幻想特征
elf,种族/兽化/幻想特征
elvaan,种族/兽化/幻想特征
emaciated,体型/身材
energy_hair,头发/发型
enpera,其他
epic_hair,头发/发型
epicanthic_folds,眼睛/瞳孔
erect_clitoris,生殖/私密部位
erection,生殖/私密部位
erection_disparity,生殖/私密部位
erection_under_clothes,生殖/私密部位
erune,种族/兽化/幻想特征
ethereal_(zenless_zone_zero),种族/兽化/幻想特征
ewok,种族/兽化/幻想特征
excessive_lactation,胸部特征
excessive_pubic_hair,生殖/私密部位
exploded_head,异常解剖/附加器官
exposed_brain,异常解剖/附加器官
exposed_clitoris,生殖/私密部位
exposed_muscle,皮肤/体表
expressive_hair,头发/发型
expressive_wings,种族/兽化/幻想特征
extra_arms,异常解剖/附加器官
extra_breasts,异常解剖/附加器官
extra_clitorises,异常解剖/附加器官
extra_digits,异常解剖/附加器官
extra_ears,异常解剖/附加器官
extra_eyes,异常解剖/附加器官
extra_faces,异常解剖/附加器官
extra_hands,异常解剖/附加器官
extra_horns,异常解剖/附加器官
extra_legs,异常解剖/附加器官
extra_mouth,异常解剖/附加器官
extra_nipples,异常解剖/附加器官
extra_penises,异常解剖/附加器官
extra_pupils,异常解剖/附加器官
extra_tails,异常解剖/附加器官
extra_testicles,异常解剖/附加器官
extreme_gaping,生殖/私密部位
eye_glitter,眼睛/瞳孔
eye_in_palm,异常解剖/附加器官
eye_socket,脸部/头部特征
eye_tattoo,纹身/疤痕/穿孔/标记
eyeball,眼睛/瞳孔
eyebrow_cut,纹身/疤痕/穿孔/标记
eyebrow_piercing,纹身/疤痕/穿孔/标记
eyebrows,脸部/头部特征
eyebrows_hidden_by_hair,脸部/头部特征
eyelashes,脸部/头部特征
eyelid_piercing,纹身/疤痕/穿孔/标记
eyes_of_ibad,眼睛/瞳孔
eyes_visible_through_hair,眼睛/瞳孔
eyeshadow_under_eye,脸部/头部特征
faceless_female,脸部/头部特征
faceless_male,脸部/头部特征
facial_hair,脸部/头部特征
facial_mark,纹身/疤痕/穿孔/标记
facial_tattoo,纹身/疤痕/穿孔/标记
fade_(haircut),头发/发型
faded_halo,种族/兽化/幻想特征
faerie_neopet,种族/兽化/幻想特征
fairy,种族/兽化/幻想特征
fallen_angel,种族/兽化/幻想特征
fallopian_tubes,生殖/私密部位
false_limb,四肢/手脚
fang,脸部/头部特征
fanged_bangs,头发/发型
fangs,脸部/头部特征
farmer's_tan,皮肤/体表
fat,体型/身材
fat_man,体型/身材
fat_mons,生殖/私密部位
faun,种族/兽化/幻想特征
faunus_(rwby),种族/兽化/幻想特征
fauxhawk,头发/发型
feather_hair,头发/发型
feathered_dinosaur,种族/兽化/幻想特征
feathered_wings,种族/兽化/幻想特征
feet,四肢/手脚
feixianji_(hairstyle),头发/发型
felinid,种族/兽化/幻想特征
female_goblin,种族/兽化/幻想特征
female_orc,种族/兽化/幻想特征
female_pervert,年龄/性别/身份
female_pubic_hair,生殖/私密部位
feral_child,年龄/性别/身份
ferret_ears,种族/兽化/幻想特征
ferret_girl,种族/兽化/幻想特征
ferret_tail,种族/兽化/幻想特征
fetus,年龄/性别/身份
fever,其他
fewer_digits,异常解剖/附加器官
fiery_hair,头发/发型
fiery_pupils,眼睛/瞳孔
fiery_tail,种族/兽化/幻想特征
fiery_wings,种族/兽化/幻想特征
finger_tattoo,纹身/疤痕/穿孔/标记
fiordland_penguin,种族/兽化/幻想特征
fire_body,异常解剖/附加器官
fish_boy,种族/兽化/幻想特征
fish_girl,种族/兽化/幻想特征
fish_tail,种族/兽化/幻想特征
flaccid,生殖/私密部位
flag_tattoo,纹身/疤痕/穿孔/标记
flame-tipped_tail,种族/兽化/幻想特征
flame_body_(pokemon),种族/兽化/幻想特征
flaming_eye,眼睛/瞳孔
flaming_eyes,眼睛/瞳孔
flat_ass,体型/身材
flat_chest,胸部特征
flattop,头发/发型
flipped_bangs,头发/发型
flipped_hair,头发/发型
floating_hair,头发/发型
floppy_ears,脸部/头部特征
flower-shaped_hair,头发/发型
flower_facial_mark,纹身/疤痕/穿孔/标记
flower_head,异常解剖/附加器官
flower_in_eye,眼睛/瞳孔
flower_on_head,其他
flower_tattoo,纹身/疤痕/穿孔/标记
fluffed_up,头发/发型
folded_braid,头发/发型
folded_ponytail,头发/发型
folded_twintails,头发/发型
food-themed_hair,头发/发型
foot_vagina,异常解剖/附加器官
forced_lactation,胸部特征
forearms,四肢/手脚
forehead,脸部/头部特征
forehead_mark,纹身/疤痕/穿孔/标记
forehead_tattoo,纹身/疤痕/穿孔/标记
foreskin,生殖/私密部位
forked_eyebrows,脸部/头部特征
forked_tail,种族/兽化/幻想特征
forked_tongue,脸部/头部特征
fortinbras_(human_form),其他
fox_boy,种族/兽化/幻想特征
fox_ears,种族/兽化/幻想特征
fox_girl,种族/兽化/幻想特征
fox_tail,种族/兽化/幻想特征
freckles,皮肤/体表
french_braid,头发/发型
french_braided_ponytail,头发/发型
french_braided_twintails,头发/发型
frenulum_piercing,纹身/疤痕/穿孔/标记
friendly_mutton_chops,脸部/头部特征
frieza_clan,种族/兽化/幻想特征
frog_boy,种族/兽化/幻想特征
frog_girl,种族/兽化/幻想特征
front_braid,头发/发型
front_ponytail,头发/发型
fu_manchu_(mustache),脸部/头部特征
fukumage,头发/发型
full-body_tattoo,纹身/疤痕/穿孔/标记
full-package_futanari,年龄/性别/身份
full_beard,脸部/头部特征
full_cowling_(boku_no_hero_academia),皮肤/体表
full_stomach,体型/身材
fur-tipped_tail,种族/兽化/幻想特征
furred_dragon,种族/兽化/幻想特征
furry,种族/兽化/幻想特征
furry_female,种族/兽化/幻想特征
furry_male,种族/兽化/幻想特征
futakuchi-onna,异常解剖/附加器官
futanari,年龄/性别/身份
galka,年龄/性别/身份
gamer_dent_(meme),脸部/头部特征
gamilas,种族/兽化/幻想特征
gaping,其他
garlean,种族/兽化/幻想特征
gashadokuro,种族/兽化/幻想特征
gauna,种族/兽化/幻想特征
gazelle_ears,种族/兽化/幻想特征
gazelle_tail,种族/兽化/幻想特征
geass,纹身/疤痕/穿孔/标记
genderswap_(mto),年龄/性别/身份
genderswap_(otf),年龄/性别/身份
genderswap_(otm),年龄/性别/身份
geostigma,纹身/疤痕/穿孔/标记
gerudo,种族/兽化/幻想特征
ghost_girl,种族/兽化/幻想特征
ghost_tail,种族/兽化/幻想特征
ghoul,种族/兽化/幻想特征
ghoul_(fallout),种族/兽化/幻想特征
giant,体型/身材
giant_male,体型/身材
giant_monster,体型/身材
giantess,体型/身材
gigantamax,体型/身材
gigantic_breasts,胸部特征
gigantic_penis,生殖/私密部位
gigantic_testicles,生殖/私密部位
gills,种族/兽化/幻想特征
giraffe_ears,种族/兽化/幻想特征
giraffe_horns,种族/兽化/幻想特征
giraffe_tail,种族/兽化/幻想特征
girly_boy,年龄/性别/身份
girthy_penis,生殖/私密部位
glands_of_montgomery,胸部特征
glitched_halo,种族/兽化/幻想特征
glove_tan,皮肤/体表
glowing_animal,种族/兽化/幻想特征
glowing_body_fluid,其他
glowing_eye,眼睛/瞳孔
glowing_eyes,眼睛/瞳孔
glowing_hair,头发/发型
glowing_hand,四肢/手脚
glowing_horns,种族/兽化/幻想特征
glowing_lines,纹身/疤痕/穿孔/标记
glowing_mouth,脸部/头部特征
glowing_nipples,胸部特征
glowing_penis,生殖/私密部位
glowing_sclera,眼睛/瞳孔
glowing_tattoo,纹身/疤痕/穿孔/标记
glowing_wings,种族/兽化/幻想特征
glutes,体型/身材
gnome,种族/兽化/幻想特征
goalkeeper,其他
goat_boy,种族/兽化/幻想特征
goat_ears,种族/兽化/幻想特征
goat_girl,种族/兽化/幻想特征
goat_horns,种族/兽化/幻想特征
goat_tail,种族/兽化/幻想特征
goatee,脸部/头部特征
goatee_stubble,脸部/头部特征
gold_lips,脸部/头部特征
gold_nails,四肢/手脚
gold_teeth,脸部/头部特征
golden_arms,四肢/手脚
golden_british_shorthair,种族/兽化/幻想特征
golem,种族/兽化/幻想特征
goliath_(d&d),种族/兽化/幻想特征
gon-san,其他
good_breasts_day,胸部特征
good_thighs_day,四肢/手脚
gooey_(pokemon),皮肤/体表
goron,种族/兽化/幻想特征
gradient_eyes,眼睛/瞳孔
gradient_fur,皮肤/体表
gradient_hair,头发/发型
gradient_horns,种族/兽化/幻想特征
gradient_nails,四肢/手脚
gradient_scales,皮肤/体表
gradient_skin,皮肤/体表
gradient_tail,种族/兽化/幻想特征
gradient_wings,种族/兽化/幻想特征
greek_toe,四肢/手脚
green_blood,其他
green_eyes,眼睛/瞳孔
green_fur,皮肤/体表
green_hair,头发/发型
green_hands,四肢/手脚
green_horns,种族/兽化/幻想特征
green_lips,脸部/头部特征
green_nails,皮肤/体表
green_nipples,胸部特征
green_pubic_hair,生殖/私密部位
green_pupils,眼睛/瞳孔
green_pussy,生殖/私密部位
green_scales,皮肤/体表
green_sclera,眼睛/瞳孔
green_skin,皮肤/体表
green_streaks,头发/发型
green_tail,种族/兽化/幻想特征
green_tongue,脸部/头部特征
green_wings,种族/兽化/幻想特征
gremlin_(mythology),种族/兽化/幻想特征
grey_alien,种族/兽化/幻想特征
grey_cat,种族/兽化/幻想特征
grey_eyes,眼睛/瞳孔
grey_fur,皮肤/体表
grey_hair,头发/发型
grey_horns,种族/兽化/幻想特征
grey_lips,脸部/头部特征
grey_nails,皮肤/体表
grey_nipples,胸部特征
grey_pubic_hair,生殖/私密部位
grey_scales,皮肤/体表
grey_sclera,眼睛/瞳孔
grey_skin,皮肤/体表
grey_tail,种族/兽化/幻想特征
grey_wings,种族/兽化/幻想特征
gria,种族/兽化/幻想特征
griffin_girl,种族/兽化/幻想特征
groin,生殖/私密部位
groin_tendon,其他
gungan,种族/兽化/幻想特征
gurkha,年龄/性别/身份
gyaruo,年龄/性别/身份
hair_around_ear,头发/发型
hair_between_breasts,头发/发型
hair_between_eyes,头发/发型
hair_between_horns,头发/发型
hair_bun,头发/发型
hair_color_connection,头发/发型
hair_down,头发/发型
hair_ears,头发/发型
hair_edges,头发/发型
hair_extensions,头发/发型
hair_flaps,头发/发型
hair_flowing_over,头发/发型
hair_half_undone,头发/发型
hair_horns,头发/发型
hair_intakes,头发/发型
hair_knot,头发/发型
hair_length_switch,头发/发型
hair_on_horn,头发/发型
hair_over_breasts,头发/发型
hair_over_crotch,头发/发型
hair_over_eyes,头发/发型
hair_over_face,头发/发型
hair_over_one_breast,头发/发型
hair_over_one_eye,头发/发型
hair_over_pecs,头发/发型
hair_over_shoulder,头发/发型
hair_pulled_back,头发/发型
hair_rings,头发/发型
hair_slicked_back,头发/发型
hair_spread_out,头发/发型
hair_strand,头发/发型
hair_undone,头发/发型
hair_up,头发/发型
hair_wings,头发/发型
hairstyle_switch,头发/发型
hairy,皮肤/体表
hakuryuu_(mixi_max_zhuge_kongming),其他
half-erect,生殖/私密部位
half-harpy,种族/兽化/幻想特征
half-nightmare,种族/兽化/幻想特征
half_up_half_down_braid,头发/发型
half_updo,头发/发型
hamster_boy,种族/兽化/幻想特征
hamster_ears,种族/兽化/幻想特征
hamster_girl,种族/兽化/幻想特征
hamster_tail,种族/兽化/幻想特征
hand_hair,四肢/手脚
hand_mouth,异常解剖/附加器官
hand_size_difference,四肢/手脚
hand_tattoo,纹身/疤痕/穿孔/标记
hand_tentacles,异常解剖/附加器官
handlebar_mustache,脸部/头部特征
handsome_squidward_(meme),其他
hanging_breasts,胸部特征
harpy,种族/兽化/幻想特征
harpy_boy,种族/兽化/幻想特征
harvin,种族/兽化/幻想特征
head,脸部/头部特征
head_bump,脸部/头部特征
head_fins,种族/兽化/幻想特征
headless,异常解剖/附加器官
heart-shaped_pubic_hair,生殖/私密部位
heart-shaped_pupils,眼睛/瞳孔
heart_ahoge,头发/发型
heart_ahoge_duo,头发/发型
heart_antenna_hair,头发/发型
heart_facial_mark,纹身/疤痕/穿孔/标记
heart_hair,头发/发型
heart_hair_bun,头发/发型
heart_hair_duo,头发/发型
heart_on_chest,纹身/疤痕/穿孔/标记
heart_out_of_chest,异常解剖/附加器官
heart_tail,种族/兽化/幻想特征
heart_tattoo,纹身/疤痕/穿孔/标记
hedgehog_girl,种族/兽化/幻想特征
height,体型/身材
height_difference,体型/身材
helicopter_hair,头发/发型
helicopter_tail,种族/兽化/幻想特征
heterochromia,眼睛/瞳孔
hex_tails,种族/兽化/幻想特征
hickey,纹身/疤痕/穿孔/标记
hidden_eyes,脸部/头部特征
high-ended_braid,头发/发型
high_braided_ponytail,头发/发型
high_ponytail,头发/发型
high_side_ponytail,头发/发型
hikimayu,脸部/头部特征
hip_bones,体型/身材
hip_dips,体型/身材
hip_tattoo,纹身/疤痕/穿孔/标记
hippopotamus_ears,种族/兽化/幻想特征
ho_(bloodline_heroes_of_lithas),其他
hobbit,种族/兽化/幻想特征
hole_in_chest,异常解剖/附加器官
hole_in_face,异常解剖/附加器官
hole_in_hair,头发/发型
hole_in_head,异常解剖/附加器官
hole_in_stomach,异常解剖/附加器官
hole_on_body,异常解剖/附加器官
hollow_body,异常解剖/附加器官
hollow_mouth,脸部/头部特征
hooves,种族/兽化/幻想特征
horizontal_pupils,眼睛/瞳孔
horns,种族/兽化/幻想特征
horse_boy,种族/兽化/幻想特征
horse_girl,种族/兽化/幻想特征
horse_penis,生殖/私密部位
horse_tail,种族/兽化/幻想特征
host,其他
hrothgar,种族/兽化/幻想特征
huadian,纹身/疤痕/穿孔/标记
huge_afro,头发/发型
huge_ahoge,头发/发型
huge_ass,体型/身材
huge_breasts,胸部特征
huge_clitoris,生殖/私密部位
huge_eyebrows,脸部/头部特征
huge_horns,种族/兽化/幻想特征
huge_nipples,胸部特征
huge_pectorals,胸部特征
huge_penis,生殖/私密部位
huge_testicles,生殖/私密部位
human_head,异常解剖/附加器官
hume,种族/兽化/幻想特征
hyena_boy,种族/兽化/幻想特征
hyena_ears,种族/兽化/幻想特征
hyena_girl,种族/兽化/幻想特征
hyena_tail,种族/兽化/幻想特征
hymen,生殖/私密部位
hyper_mode_(gundam),其他
hyur,种族/兽化/幻想特征
ice_body_(pokemon),皮肤/体表
ice_hair,头发/发型
illicium,种族/兽化/幻想特征
illuminate_(pokemon),皮肤/体表
imp,种族/兽化/幻想特征
impala_ears,种族/兽化/幻想特征
implied_extra_ears,异常解剖/附加器官
implied_futanari,年龄/性别/身份
impossible_hair,头发/发型
ina's_back_(meme),其他
inconvenient_ass,体型/身材
inconvenient_breasts,胸部特征
inflation,异常解剖/附加器官
injury,纹身/疤痕/穿孔/标记
inkling,种族/兽化/幻想特征
innovators_(gundam_00),种族/兽化/幻想特征
insect_wings,种族/兽化/幻想特征
interracial,其他
intertwined_hair,头发/发型
intestine_hair,异常解剖/附加器官
intestines,异常解剖/附加器官
intestines_filled,异常解剖/附加器官
intravaginal_futanari,生殖/私密部位
inuit,种族/兽化/幻想特征
inverted_bob,头发/发型
inverted_nipples,胸部特征
invisible,其他
inward_flipped_hair,头发/发型
irezumi,纹身/疤痕/穿孔/标记
iridescent_wings,种族/兽化/幻想特征
iron_tail_(pokemon),种族/兽化/幻想特征
ithorian,种族/兽化/幻想特征
jackal_boy,种族/兽化/幻想特征
jackal_ears,种族/兽化/幻想特征
jackal_tail,种族/兽化/幻想特征
jackalope_girl,种族/兽化/幻想特征
jaguar_boy,种族/兽化/幻想特征
jaguar_ears,种族/兽化/幻想特征
jaguar_girl,种族/兽化/幻想特征
jaguar_tail,种族/兽化/幻想特征
jawa,种族/兽化/幻想特征
jellyfish_boy,种族/兽化/幻想特征
jellyfish_girl,种族/兽化/幻想特征
jiangshi,种族/兽化/幻想特征
jimiko,年龄/性别/身份
jinmenken,种族/兽化/幻想特征
jockey,年龄/性别/身份
joestar_birthmark,纹身/疤痕/穿孔/标记
joints,其他
kabane,种族/兽化/幻想特征
kaijin,种族/兽化/幻想特征
kalar_(race),种族/兽化/幻想特征
kangaroo_ears,种族/兽化/幻想特征
kangaroo_tail,种族/兽化/幻想特征
kappa,种族/兽化/幻想特征
karawamage,头发/发型
kariya_masaki_(mixi_max_kirino_ranmaru),其他
katsuyamamage,头发/发型
kemonomimi_mode,种族/兽化/幻想特征
khajiit,种族/兽化/幻想特征
kijimuna,种族/兽化/幻想特征
kinky_hair,头发/发型
kishimen_hair,头发/发型
kitsune,种族/兽化/幻想特征
klingon,种族/兽化/幻想特征
knee_blush,皮肤/体表
kneeless_mermaid,种族/兽化/幻想特征
kneepits,四肢/手脚
knees,四肢/手脚
knotted_penis,生殖/私密部位
knuckle_hair,皮肤/体表
koala_ears,种族/兽化/幻想特征
koala_girl,种族/兽化/幻想特征
kobold,种族/兽化/幻想特征
kokiri,种族/兽化/幻想特征
komainu_ears,种族/兽化/幻想特征
komeiji_koishi_(dango),其他
koropokkuru,种族/兽化/幻想特征
krasue,种族/兽化/幻想特征
krogan,种族/兽化/幻想特征
kuudere,其他
kyuubi,种族/兽化/幻想特征
lactation,胸部特征
lactation_through_clothes,胸部特征
lady_justice,年龄/性别/身份
lalafell,种族/兽化/幻想特征
lamia,种族/兽化/幻想特征
lamia_boy,种族/兽化/幻想特征
lap,四肢/手脚
large_areolae,胸部特征
large_breasts,胸部特征
large_bulge,生殖/私密部位
large_clitoris,生殖/私密部位
large_ears,脸部/头部特征
large_feet,四肢/手脚
large_forehead,脸部/头部特征
large_hands,四肢/手脚
large_pectorals,胸部特征
large_penis,生殖/私密部位
large_tail,种族/兽化/幻想特征
large_testicles,生殖/私密部位
large_wings,种族/兽化/幻想特征
lazy_eye,眼睛/瞳孔
left-handed,四肢/手脚
leg_hair,皮肤/体表
leg_tattoo,纹身/疤痕/穿孔/标记
legendary_super_saiyan,种族/兽化/幻想特征
legless_amputee,四肢/手脚
legs,四肢/手脚
lekku_(anatomy),种族/兽化/幻想特征
lemur_ears,种族/兽化/幻想特征
lemur_tail,种族/兽化/幻想特征
length_markings,纹身/疤痕/穿孔/标记
lens_eye,眼睛/瞳孔
leopard_boy,种族/兽化/幻想特征
leopard_ears,种族/兽化/幻想特征
leopard_girl,种族/兽化/幻想特征
leopard_tail,种族/兽化/幻想特征
lich,种族/兽化/幻想特征
lichtenberg_figure,皮肤/体表
light-skinned_palms,皮肤/体表
light-skinned_soles,皮肤/体表
light_areolae,胸部特征
light_blue_hair,头发/发型
light_brown_hair,头发/发型
light_green_hair,头发/发型
light_in_heart,其他
light_purple_hair,头发/发型
lightning_ahoge,头发/发型
lightning_bolt-shaped_pupils,眼睛/瞳孔
lightning_scar,纹身/疤痕/穿孔/标记
linea_alba,皮肤/体表
linea_nigra,皮肤/体表
lion_boy,年龄/性别/身份
lion_girl,年龄/性别/身份
lion_tail,种族/兽化/幻想特征
lip_piercing,纹身/疤痕/穿孔/标记
lip_tattoo,纹身/疤痕/穿孔/标记
lips,脸部/头部特征
lipstick_mark_on_arm,纹身/疤痕/穿孔/标记
lipstick_mark_on_ass,纹身/疤痕/穿孔/标记
lipstick_mark_on_breast,纹身/疤痕/穿孔/标记
lipstick_mark_on_chest,纹身/疤痕/穿孔/标记
lipstick_mark_on_leg,纹身/疤痕/穿孔/标记
lipstick_mark_on_neck,纹身/疤痕/穿孔/标记
lipstick_mark_on_testicles,纹身/疤痕/穿孔/标记
liquid_hair,头发/发型
live_hood,其他
liver,其他
living_hair,头发/发型
lizard_tail,种族/兽化/幻想特征
lizardman,种族/兽化/幻想特征
lobotomy_corporation_(identity)_(project_moon),其他
loli,年龄/性别/身份
lolibaba,年龄/性别/身份
lombax,种族/兽化/幻想特征
lone_nape_hair,头发/发型
long_arms,四肢/手脚
long_bangs,头发/发型
long_beard,脸部/头部特征
long_braid,头发/发型
long_earlobes,脸部/头部特征
long_eyebrows,脸部/头部特征
long_eyelashes,脸部/头部特征
long_face,脸部/头部特征
long_finger,四肢/手脚
long_fingernails,皮肤/体表
long_fingers,四肢/手脚
long_hair,头发/发型
long_hair_between_eyes,头发/发型
long_horns,种族/兽化/幻想特征
long_labia,生殖/私密部位
long_legs,四肢/手脚
long_mustache,脸部/头部特征
long_neck,体型/身材
long_nipples,胸部特征
long_nose,脸部/头部特征
long_sideburns,脸部/头部特征
long_sidelocks,头发/发型
long_tail,种族/兽化/幻想特征
long_toenails,皮肤/体表
long_tongue,脸部/头部特征
loose_hair_strand,头发/发型
loosely_tucked_bangs,头发/发型
lop_rabbit_ears,种族/兽化/幻想特征
lorum_piercing,纹身/疤痕/穿孔/标记
love_handles,体型/身材
low-braided_long_hair,头发/发型
low-tied_long_hair,头发/发型
low-tied_sidelocks,头发/发型
low_drills,头发/发型
low_horns,种族/兽化/幻想特征
low_ponytail,头发/发型
low_tied_hair,头发/发型
low_twin_braids,头发/发型
low_twintails,头发/发型
low_wings,种族/兽化/幻想特征
lower_eyelashes_only,脸部/头部特征
lower_teeth_only,脸部/头部特征
lungs,其他
m_eyebrows,脸部/头部特征
maclone,其他
maeware,其他
magic_circuit,纹身/疤痕/穿孔/标记
makeup,脸部/头部特征
male_futanari,年龄/性别/身份
male_lactation,胸部特征
male_pubic_hair,生殖/私密部位
male_with_breasts,胸部特征
mamool_ja,种族/兽化/幻想特征
man_face,脸部/头部特征
manboobs,胸部特征
mandibles,脸部/头部特征
mane,头发/发型
mangekyou_sharingan,眼睛/瞳孔
manly,年龄/性别/身份
manta_ray_girl,种族/兽化/幻想特征
manticore_girl,种族/兽化/幻想特征
mantis_girl,种族/兽化/幻想特征
maractite_neopet,种族/兽化/幻想特征
maraquan_neopet,种族/兽化/幻想特征
mark_between_eyes,纹身/疤痕/穿孔/标记
mark_under_both_eyes,纹身/疤痕/穿孔/标记
mark_under_eye,纹身/疤痕/穿孔/标记
marking_on_cheek,纹身/疤痕/穿孔/标记
markings,纹身/疤痕/穿孔/标记
marmot_ears,种族/兽化/幻想特征
mastectomy_scar,纹身/疤痕/穿孔/标记
matching_hairstyle,头发/发型
material_growth,异常解剖/附加器官
matsukaze_tenma_(mixi_max_arthur_ou),其他
mature_eyes,眼睛/瞳孔
mature_female,年龄/性别/身份
mature_male,年龄/性别/身份
measurements,体型/身材
mechabare,异常解剖/附加器官
mechanical_eye,眼睛/瞳孔
mechanical_hair,头发/发型
mechanical_hands,四肢/手脚
mechanical_legs,四肢/手脚
mechanical_pussy,生殖/私密部位
mechanical_tail,种族/兽化/幻想特征
median_furrow,胸部特征
medic,年龄/性别/身份
medium_breasts,胸部特征
medium_eyebrows,脸部/头部特征
medium_hair,头发/发型
medium_sideburns,头发/发型
meerkat_ears,种族/兽化/幻想特征
meerkat_tail,种族/兽化/幻想特征
mega_pokemon,种族/兽化/幻想特征
meltrandi,种族/兽化/幻想特征
melusine_(genshin_impact),种族/兽化/幻想特征
mermaid,种族/兽化/幻想特征
merman,种族/兽化/幻想特征
messy_hair,头发/发型
metal_skin,皮肤/体表
miclone,年龄/性别/身份
midriff_tattoo,纹身/疤痕/穿孔/标记
miko,年龄/性别/身份
military_operator,年龄/性别/身份
milk_ducts,胸部特征
millipede_girl,异常解剖/附加器官
miner,年龄/性别/身份
mini_person,体型/身材
mini_wings,种族/兽化/幻想特征
miniboy,年龄/性别/身份
minigirl,年龄/性别/身份
mink_ears,种族/兽化/幻想特征
minotaur,种族/兽化/幻想特征
mirialan,种族/兽化/幻想特征
mismatched_animal_ear_colors,种族/兽化/幻想特征
mismatched_armpit_hair,皮肤/体表
mismatched_eyebrows,脸部/头部特征
mismatched_eyelashes,脸部/头部特征
mismatched_horns,种族/兽化/幻想特征
mismatched_irises,眼睛/瞳孔
mismatched_pubic_hair,生殖/私密部位
mismatched_pupils,眼睛/瞳孔
mismatched_sclera,眼睛/瞳孔
mismatched_wings,种族/兽化/幻想特征
misplaced_genitals,异常解剖/附加器官
missing_eye,脸部/头部特征
missing_finger,四肢/手脚
missing_limb,四肢/手脚
missing_tooth,脸部/头部特征
mithra_(ff11),种族/兽化/幻想特征
mixed_horns,种族/兽化/幻想特征
mixed_limbs,异常解剖/附加器官
mixed_wings,种族/兽化/幻想特征
moai_(koseki_bijou),种族/兽化/幻想特征
mofuji,皮肤/体表
mohawk,头发/发型
mojo,其他
mole,纹身/疤痕/穿孔/标记
mole_above_eye,纹身/疤痕/穿孔/标记
mole_above_mouth,纹身/疤痕/穿孔/标记
mole_on_areola,纹身/疤痕/穿孔/标记
mole_on_arm,纹身/疤痕/穿孔/标记
mole_on_armpit,纹身/疤痕/穿孔/标记
mole_on_ass,纹身/疤痕/穿孔/标记
mole_on_back,纹身/疤痕/穿孔/标记
mole_on_body,纹身/疤痕/穿孔/标记
mole_on_breast,纹身/疤痕/穿孔/标记
mole_on_cheek,纹身/疤痕/穿孔/标记
mole_on_chest,纹身/疤痕/穿孔/标记
mole_on_collarbone,纹身/疤痕/穿孔/标记
mole_on_crotch,纹身/疤痕/穿孔/标记
mole_on_ear,纹身/疤痕/穿孔/标记
mole_on_foot,纹身/疤痕/穿孔/标记
mole_on_forehead,纹身/疤痕/穿孔/标记
mole_on_hand,纹身/疤痕/穿孔/标记
mole_on_leg,纹身/疤痕/穿孔/标记
mole_on_neck,纹身/疤痕/穿孔/标记
mole_on_nose,纹身/疤痕/穿孔/标记
mole_on_pussy,纹身/疤痕/穿孔/标记
mole_on_shoulder,纹身/疤痕/穿孔/标记
mole_on_stomach,纹身/疤痕/穿孔/标记
mole_under_breast,纹身/疤痕/穿孔/标记
mole_under_each_eye,纹身/疤痕/穿孔/标记
mole_under_eye,纹身/疤痕/穿孔/标记
mole_under_mouth,纹身/疤痕/穿孔/标记
money-shaped_pupils,眼睛/瞳孔
monk,年龄/性别/身份
monkey_boy,种族/兽化/幻想特征
monkey_ears,种族/兽化/幻想特征
monkey_girl,种族/兽化/幻想特征
monkey_tail,种族/兽化/幻想特征
monkey_tattoo,纹身/疤痕/穿孔/标记
monokuro_boo,其他
mons_pubis,生殖/私密部位
monster_boy,种族/兽化/幻想特征
monster_girl,种族/兽化/幻想特征
monsterification,种族/兽化/幻想特征
moose_antlers,种族/兽化/幻想特征
moose_ears,种族/兽化/幻想特征
moose_tail,种族/兽化/幻想特征
mosquito_girl,种族/兽化/幻想特征
moth_antennae,种族/兽化/幻想特征
moth_boy,种族/兽化/幻想特征
mouse_boy,种族/兽化/幻想特征
mouse_girl,种族/兽化/幻想特征
mouse_tail,种族/兽化/幻想特征
mugetsu_form_(bleach),其他
mullet,头发/发型
multi-tied_hair,头发/发型
multi_type_(ultra_series),其他
multicolored_eyes,眼睛/瞳孔
multicolored_fur,皮肤/体表
multicolored_hair,头发/发型
multicolored_horns,种族/兽化/幻想特征
multicolored_lips,脸部/头部特征
multicolored_nails,皮肤/体表
multicolored_pubic_hair,生殖/私密部位
multicolored_skin,皮肤/体表
multicolored_tail,种族/兽化/幻想特征
multicolored_wings,种族/兽化/幻想特征
multiple_animal_ears,种族/兽化/幻想特征
multiple_braids,头发/发型
multiple_hands,异常解剖/附加器官
multiple_heads,异常解剖/附加器官
multiple_horns,异常解剖/附加器官
multiple_legs,异常解剖/附加器官
multiple_moles,纹身/疤痕/穿孔/标记
multiple_ovum,异常解剖/附加器官
multiple_penises,生殖/私密部位
multiple_persona,其他
multiple_scars,纹身/疤痕/穿孔/标记
multiple_tails,异常解剖/附加器官
multiple_tongues,异常解剖/附加器官
multiple_wings,异常解剖/附加器官
mummy,其他
muscular,体型/身材
muscular_child,年龄/性别/身份
muscular_female,年龄/性别/身份
muscular_male,年龄/性别/身份
muscular_other,年龄/性别/身份
muscular_uke,年龄/性别/身份
mushroom_tattoo,纹身/疤痕/穿孔/标记
musical_note-shaped_pupils,眼睛/瞳孔
musical_note_tattoo,纹身/疤痕/穿孔/标记
mustache,脸部/头部特征
mustache_stubble,脸部/头部特征
mutation,异常解剖/附加器官
mute,其他
mutton_chops,脸部/头部特征
mystic_eyes_of_death_perception,眼睛/瞳孔
na'vi,种族/兽化/幻想特征
namekian,种族/兽化/幻想特征
nape,其他
narehate,种族/兽化/幻想特征
narrow_waist,体型/身材
naruga,其他
navel,其他
navel_hair,皮肤/体表
neck,其他
neck_fur,皮肤/体表
neck_tattoo,纹身/疤痕/穿孔/标记
nekomata,种族/兽化/幻想特征
nervous_system,其他
nested_mouths,异常解剖/附加器官
newman,种族/兽化/幻想特征
night_elf_(warcraft),种族/兽化/幻想特征
nightborne,种族/兽化/幻想特征
ninja_toes,四肢/手脚
nipple_hair,胸部特征
nipple_indents,胸部特征
nipples,胸部特征
no_ahoge,头发/发型
no_animal_ears,种族/兽化/幻想特征
no_anus,生殖/私密部位
no_arms,四肢/手脚
no_bangs,头发/发型
no_earrings,其他
no_extra_ears,异常解剖/附加器官
no_eyebrows,脸部/头部特征
no_eyepatch,其他
no_eyes,眼睛/瞳孔
no_eyewear,其他
no_facial_mark,纹身/疤痕/穿孔/标记
no_feet,四肢/手脚
no_fingers,四肢/手脚
no_fire,其他
no_genitals,生殖/私密部位
no_hair_bow,其他
no_hair_ornament,其他
no_hairclip,其他
no_halo,其他
no_hands,四肢/手脚
no_heterochromia,眼睛/瞳孔
no_horns,种族/兽化/幻想特征
no_mole,纹身/疤痕/穿孔/标记
no_mouth,脸部/头部特征
no_mustache,脸部/头部特征
no_navel,其他
no_nipples,胸部特征
no_nose,脸部/头部特征
no_penis,生殖/私密部位
no_pupils,眼睛/瞳孔
no_pussy,生殖/私密部位
no_scar,纹身/疤痕/穿孔/标记
no_sclera,眼睛/瞳孔
no_tail,种族/兽化/幻想特征
no_tattoo,纹身/疤痕/穿孔/标记
no_testicles,生殖/私密部位
no_wings,种族/兽化/幻想特征
non-human_mermaid,种族/兽化/幻想特征
non-pubic_inmon,其他
nopon,种族/兽化/幻想特征
noppera-bou,脸部/头部特征
nose,脸部/头部特征
nose_bubble,脸部/头部特征
nostrils,脸部/头部特征
notched_ear,脸部/头部特征
nu_mou,其他
nude,其他
nudist,年龄/性别/身份
nudity_debuff,其他
nuppefuhofu,其他
nuribotoke,其他
nymph,种族/兽化/幻想特征
o..o,眼睛/瞳孔
obese,体型/身材
object_head,异常解剖/附加器官
obliques,体型/身材
octoling,种族/兽化/幻想特征
octopus_boy,种族/兽化/幻想特征
official_alternate_color,其他
official_alternate_eye_color,眼睛/瞳孔
official_alternate_hair_color,头发/发型
official_alternate_hair_length,头发/发型
official_alternate_streak_color,头发/发型
ogre,种族/兽化/幻想特征
oh_these?_my_boobies?_(meme),胸部特征
oiled,皮肤/体表
okapi_ears,种族/兽化/幻想特征
okapi_tail,种族/兽化/幻想特征
old,年龄/性别/身份
old_man,年龄/性别/身份
old_woman,年龄/性别/身份
one-eyed,眼睛/瞳孔
one-piece_tan,皮肤/体表
one_eye_covered,眼睛/瞳孔
one_side_up,头发/发型
oni_horns,种族/兽化/幻想特征
oniguma,种族/兽化/幻想特征
oppai_loli,胸部特征
oppai_shota,胸部特征
orange_cat,种族/兽化/幻想特征
orange_eyes,眼睛/瞳孔
orange_eyeshadow,其他
orange_fur,皮肤/体表
orange_hair,头发/发型
orange_horns,种族/兽化/幻想特征
orange_lips,脸部/头部特征
orange_nails,皮肤/体表
orange_nipples,胸部特征
orange_pubic_hair,生殖/私密部位
orange_pupils,眼睛/瞳孔
orange_pussy,生殖/私密部位
orange_scales,皮肤/体表
orange_sclera,眼睛/瞳孔
orange_skin,皮肤/体表
orange_tail,种族/兽化/幻想特征
orange_tongue,脸部/头部特征
orange_wings,种族/兽化/幻想特征
orc,种族/兽化/幻想特征
orca_girl,种族/兽化/幻想特征
organs,异常解剖/附加器官
orihime_soushi_(love_live!),其他
oripathy_lesion_(arknights),皮肤/体表
ork_(warhammer),种族/兽化/幻想特征
orphnoch_(555),种族/兽化/幻想特征
oseledets,头发/发型
osugaki,年龄/性别/身份
otoko_no_ko,年龄/性别/身份
otter_boy,种族/兽化/幻想特征
otter_ears,种族/兽化/幻想特征
otter_girl,种族/兽化/幻想特征
otter_tail,种族/兽化/幻想特征
outie_navel,皮肤/体表
ovaries,生殖/私密部位
oversized_forearms,四肢/手脚
oversized_limbs,四肢/手脚
owl_boy,种族/兽化/幻想特征
owl_girl,种族/兽化/幻想特征
ox_ears,种族/兽化/幻想特征
ox_girl,种族/兽化/幻想特征
pac-man_eyes,眼睛/瞳孔
paint_on_body,皮肤/体表
paint_splatter_on_face,皮肤/体表
pale_skin,皮肤/体表
palms,四肢/手脚
panda_boy,种族/兽化/幻想特征
panda_ears,种族/兽化/幻想特征
panda_girl,种族/兽化/幻想特征
panda_tail,种族/兽化/幻想特征
pandaren,种族/兽化/幻想特征
pangolin_ears,种族/兽化/幻想特征
pangolin_tail,种族/兽化/幻想特征
panther_boy,种族/兽化/幻想特征
panther_ears,种族/兽化/幻想特征
panther_girl,种族/兽化/幻想特征
panther_tail,种族/兽化/幻想特征
parted_bangs,头发/发型
parted_hair,头发/发型
partially_feathered_tail,种族/兽化/幻想特征
partially_visible_vulva,生殖/私密部位
pasties_tan,皮肤/体表
patchwork_skin,皮肤/体表
patterned_hair,头发/发型
paw-shaped_pupils,眼睛/瞳孔
paw_tattoo,纹身/疤痕/穿孔/标记
pawpads,四肢/手脚
pectoral_cleavage,胸部特征
pectorals,胸部特征
pencil_mustache,脸部/头部特征
penguin_boy,种族/兽化/幻想特征
penguin_girl,种族/兽化/幻想特征
penguin_tail,种族/兽化/幻想特征
penis,生殖/私密部位
penis_growth,生殖/私密部位
penis_head,生殖/私密部位
penis_nipples,异常解剖/附加器官
penis_on_stomach,异常解剖/附加器官
penis_out,生殖/私密部位
penis_size_difference,生殖/私密部位
penis_tattoo,纹身/疤痕/穿孔/标记
peony_bun,头发/发型
perineum,生殖/私密部位
perky_breasts,胸部特征
petite,体型/身材
pheasant-tailed_jacana,种族/兽化/幻想特征
philtrum,脸部/头部特征
phimosis,生殖/私密部位
piercing,纹身/疤痕/穿孔/标记
piercing_hole,纹身/疤痕/穿孔/标记
pig_boy,种族/兽化/幻想特征
pig_ears,种族/兽化/幻想特征
pig_girl,种族/兽化/幻想特征
pig_nose,种族/兽化/幻想特征
pig_tail,种族/兽化/幻想特征
pikachu_tail,种族/兽化/幻想特征
pimple,皮肤/体表
pink_eyes,眼睛/瞳孔
pink_eyeshadow,脸部/头部特征
pink_fur,皮肤/体表
pink_hair,头发/发型
pink_horns,种族/兽化/幻想特征
pink_lips,脸部/头部特征
pink_nails,四肢/手脚
pink_pubic_hair,生殖/私密部位
pink_pupils,眼睛/瞳孔
pink_scales,皮肤/体表
pink_skin,皮肤/体表
pink_streaks,头发/发型
pink_tail,种族/兽化/幻想特征
pink_wings,种族/兽化/幻想特征
pixel_eyes,眼睛/瞳孔
pixie_cut,头发/发型
plant_boy,种族/兽化/幻想特征
plant_girl,种族/兽化/幻想特征
plant_growth,异常解剖/附加器官
plant_hair,头发/发型
plant_roots,种族/兽化/幻想特征
plant_wings,种族/兽化/幻想特征
plastic_skin,皮肤/体表
platinum_blonde_hair,头发/发型
plump,体型/身材
pointy_breasts,胸部特征
pointy_ears,种族/兽化/幻想特征
pointy_hair,头发/发型
pointy_nose,脸部/头部特征
policeman,年龄/性别/身份
polycoria,眼睛/瞳孔
pompadour,头发/发型
ponytail,头发/发型
ponytail_with_braided_base,头发/发型
porcupine_ears,种族/兽化/幻想特征
possum_tail,种族/兽化/幻想特征
potential_unleashed,其他
power_symbol-shaped_pupils,眼睛/瞳孔
power_type_(ultra_series),种族/兽化/幻想特征
precum_bubble,生殖/私密部位
pregnancy_halo,其他
pregnancy_mark,皮肤/体表
pregnant,体型/身材
prehensile_ears,脸部/头部特征
prehensile_hair,头发/发型
prehensile_ribbon,其他
prehensile_tail,种族/兽化/幻想特征
prehensile_toes,四肢/手脚
prehensile_tongue,脸部/头部特征
primaris_space_marine,年龄/性别/身份
prince,年龄/性别/身份
prince_albert,纹身/疤痕/穿孔/标记
proboscis,脸部/头部特征
prolapse,生殖/私密部位
prostate,生殖/私密部位
pubic_hair,生殖/私密部位
pubic_stubble,生殖/私密部位
pubic_tattoo,纹身/疤痕/穿孔/标记
puckered_anus,生殖/私密部位
puffy_chest,胸部特征
puffy_lips,脸部/头部特征
puffy_nipples,胸部特征
purple_eyes,眼睛/瞳孔
purple_eyeshadow,脸部/头部特征
purple_fur,皮肤/体表
purple_hair,头发/发型
purple_hands,皮肤/体表
purple_horns,种族/兽化/幻想特征
purple_lips,脸部/头部特征
purple_nails,皮肤/体表
purple_nipples,胸部特征
purple_pubic_hair,生殖/私密部位
purple_pupils,眼睛/瞳孔
purple_pussy,生殖/私密部位
purple_scales,皮肤/体表
purple_sclera,眼睛/瞳孔
purple_skin,皮肤/体表
purple_tail,种族/兽化/幻想特征
purple_tongue,脸部/头部特征
purple_wings,种族/兽化/幻想特征
pussy,生殖/私密部位
quad_braids,头发/发型
quad_buns,头发/发型
quad_drills,头发/发型
quad_hair_rings,头发/发型
quad_tails,头发/发型
quadruple_amputee,四肢/手脚
quadruplets,年龄/性别/身份
quiff,头发/发型
quin_tails,头发/发型
quincy_(bleach),年龄/性别/身份
quintuplets,年龄/性别/身份
quokka_ears,种族/兽化/幻想特征
qutrub,其他
rabbit-shaped_pupils,眼睛/瞳孔
rabbit_boy,种族/兽化/幻想特征
rabbit_ears,种族/兽化/幻想特征
rabbit_girl,种族/兽化/幻想特征
rabbit_tail,种族/兽化/幻想特征
rabbit_tattoo,纹身/疤痕/穿孔/标记
raccoon_boy,种族/兽化/幻想特征
raccoon_girl,种族/兽化/幻想特征
raccoon_tails_(hairstyle),头发/发型
radiation_symbol-shaped_pupils,眼睛/瞳孔
rainbow_eyes,眼睛/瞳孔
rainbow_hair,头发/发型
rainbow_horns,种族/兽化/幻想特征
rattail,头发/发型
rayman_limbs,异常解剖/附加器官
receding_hairline,头发/发型
rectangular_mouth,脸部/头部特征
rectangular_pupils,眼睛/瞳孔
red-eye_effect,眼睛/瞳孔
red_claws,四肢/手脚
red_eyes,眼睛/瞳孔
red_eyeshadow,脸部/头部特征
red_fur,皮肤/体表
red_hair,头发/发型
red_hands,皮肤/体表
red_horns,种族/兽化/幻想特征
red_lips,脸部/头部特征
red_nails,皮肤/体表
red_nipples,胸部特征
red_oni,种族/兽化/幻想特征
red_panda_boy,种族/兽化/幻想特征
red_panda_ears,种族/兽化/幻想特征
red_panda_girl,种族/兽化/幻想特征
red_panda_tail,种族/兽化/幻想特征
red_pubic_hair,生殖/私密部位
red_pupils,眼睛/瞳孔
red_sclera,眼睛/瞳孔
red_skin,皮肤/体表
red_streaks,头发/发型
red_tail,种族/兽化/幻想特征
red_wings,种族/兽化/幻想特征
regulus_(tsukipro),其他
reptile_girl,种族/兽化/幻想特征
reptilian,种族/兽化/幻想特征
revealing_tanlines,皮肤/体表
reverse_harpy,种族/兽化/幻想特征
reverse_lamia,种族/兽化/幻想特征
reverse_mermaid,种族/兽化/幻想特征
reverse_nekomata,种族/兽化/幻想特征
reverse_trap,年龄/性别/身份
rhino_ears,脸部/头部特征
rhinoceros_ears,脸部/头部特征
rhinoceros_girl,种族/兽化/幻想特征
rhinoceros_tail,种族/兽化/幻想特征
rib_tattoo,纹身/疤痕/穿孔/标记
ribbon_hair,头发/发型
ribs,体型/身材
ring_sidelocks,头发/发型
ringed_eyes,眼睛/瞳孔
ringlets,头发/发型
rinne_sharingan,眼睛/瞳孔
rinnegan,眼睛/瞳孔
rito,种族/兽化/幻想特征
roadrunner_(animal),种族/兽化/幻想特征
robot_ears,脸部/头部特征
robot_girl,种族/兽化/幻想特征
robot_joints,四肢/手脚
roegadyn,种族/兽化/幻想特征
rokurokubi,异常解剖/附加器官
romulan,种族/兽化/幻想特征
ronso,种族/兽化/幻想特征
rooster_tail,种族/兽化/幻想特征
roots_(hair),头发/发型
rope_marks,纹身/疤痕/穿孔/标记
rough_skin_(pokemon),皮肤/体表
round_teeth,脸部/头部特征
rubbed_raw,皮肤/体表
runny_nose,脸部/头部特征
ruptured_testicle,生殖/私密部位
russian_blue_cat,种族/兽化/幻想特征
ryohyogo,其他
sacral_dimple,体型/身材
sagging_breasts,胸部特征
sagging_testicles,生殖/私密部位
salamander_ears,脸部/头部特征
saliva,脸部/头部特征
sanitized_(splatoon),其他
sap_sipper_(pokemon),其他
satyr,种族/兽化/幻想特征
scapula,体型/身材
scar,纹身/疤痕/穿孔/标记
scar_across_eye,纹身/疤痕/穿孔/标记
scar_on_arm,纹身/疤痕/穿孔/标记
scar_on_ass,纹身/疤痕/穿孔/标记
scar_on_back,纹身/疤痕/穿孔/标记
scar_on_breasts,纹身/疤痕/穿孔/标记
scar_on_cheek,纹身/疤痕/穿孔/标记
scar_on_chest,纹身/疤痕/穿孔/标记
scar_on_chin,纹身/疤痕/穿孔/标记
scar_on_ear,纹身/疤痕/穿孔/标记
scar_on_face,纹身/疤痕/穿孔/标记
scar_on_foot,纹身/疤痕/穿孔/标记
scar_on_forehead,纹身/疤痕/穿孔/标记
scar_on_hand,纹身/疤痕/穿孔/标记
scar_on_leg,纹身/疤痕/穿孔/标记
scar_on_mouth,纹身/疤痕/穿孔/标记
scar_on_neck,纹身/疤痕/穿孔/标记
scar_on_nose,纹身/疤痕/穿孔/标记
scar_on_shoulder,纹身/疤痕/穿孔/标记
scar_on_stomach,纹身/疤痕/穿孔/标记
scar_on_tail,纹身/疤痕/穿孔/标记
scars_all_over,纹身/疤痕/穿孔/标记
school_nurse,年龄/性别/身份
scorpion_girl,种族/兽化/幻想特征
scorpion_tail,种族/兽化/幻想特征
scottish_fold,脸部/头部特征
scrape,纹身/疤痕/穿孔/标记
scratches,纹身/疤痕/穿孔/标记
scylla,种族/兽化/幻想特征
sea_angel_boy,种族/兽化/幻想特征
sea_angel_girl,种族/兽化/幻想特征
sea_monster,种族/兽化/幻想特征
sea_slug_boy,种族/兽化/幻想特征
sea_slug_girl,种族/兽化/幻想特征
seawing_(wings_of_fire),种族/兽化/幻想特征
see-through_body,皮肤/体表
see-through_tail,皮肤/体表
seeq,种族/兽化/幻想特征
self-harm_scar,纹身/疤痕/穿孔/标记
self_borrowed_hairstyle,头发/发型
sennin_mode,纹身/疤痕/穿孔/标记
seraph,种族/兽化/幻想特征
seraph_wings,种族/兽化/幻想特征
seraphim_(one_piece),种族/兽化/幻想特征
severed_breast,异常解剖/附加器官
severed_limb,异常解剖/附加器官
severed_torso,异常解剖/附加器官
sextuplets,年龄/性别/身份
sexual_dimorphism,年龄/性别/身份
shadaloo_dolls,年龄/性别/身份
shadow_(shadows_house),种族/兽化/幻想特征
shaman,年龄/性别/身份
shaped_pubic_hair,生殖/私密部位
sharingan,眼睛/瞳孔
shark_boy,种族/兽化/幻想特征
shark_girl,种族/兽化/幻想特征
shark_penis,生殖/私密部位
shark_tail,种族/兽化/幻想特征
sharp_fingernails,皮肤/体表
sharp_tail,种族/兽化/幻想特征
sharp_teeth,脸部/头部特征
sharp_toenails,皮肤/体表
shaved_head,头发/发型
sheep_boy,种族/兽化/幻想特征
sheep_ears,种族/兽化/幻想特征
sheep_girl,种族/兽化/幻想特征
sheep_horns,种族/兽化/幻想特征
sheep_tail,种族/兽化/幻想特征
sheikah,种族/兽化/幻想特征
shibari_marks,纹身/疤痕/穿孔/标记
shibari_tan,皮肤/体表
shiny_pokemon,种族/兽化/幻想特征
shiny_skin,皮肤/体表
shirt_tan,皮肤/体表
short_bangs,头发/发型
short_braid,头发/发型
short_eyebrows,脸部/头部特征
short_hair,头发/发型
short_hair_with_long_locks,头发/发型
short_legs,四肢/手脚
short_messy_bangs,头发/发型
short_ponytail,头发/发型
short_sidetail,头发/发型
short_tail,种族/兽化/幻想特征
short_twintails,头发/发型
shorts_tan,皮肤/体表
shortstack,体型/身材
shot_holes,纹身/疤痕/穿孔/标记
shoulder_blades,体型/身材
shoulder_blush,皮肤/体表
shredded_muscles,体型/身材
shuangyaji,头发/发型
sick,其他
side_ahoge,头发/发型
side_braid,头发/发型
side_braids,头发/发型
side_drill,头发/发型
side_labret_piercing,纹身/疤痕/穿孔/标记
side_part,头发/发型
side_ponytail,头发/发型
side_up_bun,头发/发型
sideboob,胸部特征
sideburns,头发/发型
sideburns_stubble,脸部/头部特征
sidelocks,头发/发型
sidelocks_tied_back,头发/发型
sideways_face,其他
silver_hair,头发/发型
silver_nails,皮肤/体表
sin_devil_trigger,种族/兽化/幻想特征
single_antler,种族/兽化/幻想特征
single_bare_arm,四肢/手脚
single_blank_eye,眼睛/瞳孔
single_braid,头发/发型
single_drill,头发/发型
single_eyebrow,脸部/头部特征
single_hair_bun,头发/发型
single_hair_intake,头发/发型
single_head_wing,种族/兽化/幻想特征
single_horn,种族/兽化/幻想特征
single_inverted_nipple,胸部特征
single_mechanical_arm,四肢/手脚
single_mechanical_hand,四肢/手脚
single_mechanical_leg,四肢/手脚
single_side_bun,头发/发型
single_sidelock,头发/发型
single_wing,种族/兽化/幻想特征
siren_(borderlands),种族/兽化/幻想特征
siren_(mythology),种族/兽化/幻想特征
size_difference,体型/身材
skeletal_arm,异常解剖/附加器官
skeletal_body,异常解剖/附加器官
skeletal_hand,异常解剖/附加器官
skeletal_leg,异常解剖/附加器官
skeletal_tail,异常解剖/附加器官
skeletal_wings,异常解剖/附加器官
skeleton,异常解剖/附加器官
skin-covered_horns,种族/兽化/幻想特征
skin_fang,异常解剖/附加器官
skin_fangs,异常解剖/附加器官
skindentation,皮肤/体表
skinned,皮肤/体表
skinny,体型/身材
skull-shaped_pupils,眼睛/瞳孔
skull_head,异常解剖/附加器官
skull_tattoo,纹身/疤痕/穿孔/标记
skunk_boy,种族/兽化/幻想特征
skunk_ears,种族/兽化/幻想特征
skunk_girl,种族/兽化/幻想特征
skunk_tail,种族/兽化/幻想特征
sky_type_(ultra_series),种族/兽化/幻想特征
slap_mark,纹身/疤痕/穿孔/标记
slap_mark_on_face,纹身/疤痕/穿孔/标记
slim_legs,四肢/手脚
slime_boy,种族/兽化/幻想特征
slime_girl,种族/兽化/幻想特征
slimification,体型/身材
slingshot_tan,皮肤/体表
slit_pupils,眼睛/瞳孔
slovenly,其他
slug_girl,种族/兽化/幻想特征
slugcat,种族/兽化/幻想特征
small_breasts,胸部特征
small_hands,四肢/手脚
small_head,脸部/头部特征
small_horns,种族/兽化/幻想特征
small_nipples,胸部特征
small_penis,生殖/私密部位
small_testicles,生殖/私密部位
smegma,生殖/私密部位
smelly_armpits,其他
smelly_penis,生殖/私密部位
smelly_pussy,生殖/私密部位
snake_bite,纹身/疤痕/穿孔/标记
snake_boy,种族/兽化/幻想特征
snake_girl,种族/兽化/幻想特征
snake_hair,头发/发型
snake_head_tail,种族/兽化/幻想特征
snake_mouth,脸部/头部特征
snake_penis,生殖/私密部位
snake_tail,种族/兽化/幻想特征
snakebite_(piercing),纹身/疤痕/穿孔/标记
snot,脸部/头部特征
snot_trail,脸部/头部特征
snout,脸部/头部特征
snow_leopard_boy,种族/兽化/幻想特征
snow_leopard_ears,种族/兽化/幻想特征
snow_leopard_girl,种族/兽化/幻想特征
snow_leopard_tail,种族/兽化/幻想特征
snub-nosed,脸部/头部特征
soles,四肢/手脚
solid_circle_eyes,眼睛/瞳孔
solid_circle_pupils,眼睛/瞳孔
solid_eyes,眼睛/瞳孔
solid_oval_eyes,眼睛/瞳孔
soul_patch,脸部/头部特征
space_kaiju,种族/兽化/幻想特征
spade_facial_mark,纹身/疤痕/穿孔/标记
spade_tattoo,纹身/疤痕/穿孔/标记
sparse_chest_hair,皮肤/体表
sparse_pubic_hair,生殖/私密部位
spider_boy,种族/兽化/幻想特征
spider_girl,种族/兽化/幻想特征
spider_tattoo,纹身/疤痕/穿孔/标记
spiegel_replica,其他
spiked_hair,头发/发型
spiked_horns,种族/兽化/幻想特征
spiked_penis,生殖/私密部位
spiked_tail,种族/兽化/幻想特征
spiked_wings,种族/兽化/幻想特征
spine,体型/身材
spine_bumps,异常解剖/附加器官
splatoonification,种族/兽化/幻想特征
split-color_hair,头发/发型
split_bangs,头发/发型
split_mouth,脸部/头部特征
split_ponytail,头发/发型
split_tail,种族/兽化/幻想特征
spotted_fur,皮肤/体表
spotted_hair,头发/发型
sprout-shaped_pupils,眼睛/瞳孔
sprout_on_head,异常解剖/附加器官
square_eyes,眼睛/瞳孔
square_pupils,眼睛/瞳孔
squid_boy,种族/兽化/幻想特征
squid_girl,种族/兽化/幻想特征
squirrel_boy,种族/兽化/幻想特征
squirrel_ears,种族/兽化/幻想特征
squirrel_girl,种族/兽化/幻想特征
squirrel_tail,种族/兽化/幻想特征
star-shaped_hair,头发/发型
star-shaped_pubic_hair,生殖/私密部位
star-shaped_pupils,眼睛/瞳孔
star_facial_mark,纹身/疤痕/穿孔/标记
star_in_eye,眼睛/瞳孔
star_tattoo,纹身/疤痕/穿孔/标记
starry_hair,头发/发型
starry_skin,皮肤/体表
steaming_body,其他
steel_(elsword),其他
sternocleidomastoid_muscle,体型/身材
stitched_arm,纹身/疤痕/穿孔/标记
stitched_eye,纹身/疤痕/穿孔/标记
stitched_face,纹身/疤痕/穿孔/标记
stitched_leg,纹身/疤痕/穿孔/标记
stitched_mouth,纹身/疤痕/穿孔/标记
stitched_neck,纹身/疤痕/穿孔/标记
stitched_torso,纹身/疤痕/穿孔/标记
stomach,体型/身材
stomach_growling,其他
stomach_mouth,异常解剖/附加器官
stomach_tattoo,纹身/疤痕/穿孔/标记
straight_hair,头发/发型
strangulation_mark,纹身/疤痕/穿孔/标记
stray_pubic_hair,生殖/私密部位
streaked_beard,脸部/头部特征
streaked_hair,头发/发型
stretch_marks,纹身/疤痕/穿孔/标记
stretched_neck,体型/身材
strip_hair,头发/发型
striped_fur,皮肤/体表
striped_hair,头发/发型
striped_horns,种族/兽化/幻想特征
striped_nails,皮肤/体表
striped_tail,种族/兽化/幻想特征
strong,体型/身材
strongman_waist,体型/身材
stubble,脸部/头部特征
sulong_form,种族/兽化/幻想特征
sun_tattoo,纹身/疤痕/穿孔/标记
sunburn,皮肤/体表
sunken_cheeks,脸部/头部特征
super_full_power_saiyan_4,头发/发型
super_full_power_saiyan_4_limit_breaker,头发/发型
super_saiyan,头发/发型
super_saiyan_1,头发/发型
super_saiyan_2,头发/发型
super_saiyan_3,头发/发型
super_saiyan_4,头发/发型
super_saiyan_blue,头发/发型
super_saiyan_blue_evolved,头发/发型
super_saiyan_god,头发/发型
super_saiyan_rose,头发/发型
super_saiyan_rose_full_power,头发/发型
surgeon,年龄/性别/身份
sweat,皮肤/体表
sweaty_armpits,皮肤/体表
swept_bangs,头发/发型
sylph,种族/兽化/幻想特征
symbol-shaped_pupils,眼睛/瞳孔
symbol_freckles,皮肤/体表
symbol_in_eye,眼睛/瞳孔
tabaxi,种族/兽化/幻想特征
tabby_cat,种族/兽化/幻想特征
tacet_mark_(wuthering_waves),纹身/疤痕/穿孔/标记
tadpole_tail,种族/兽化/幻想特征
tail,种族/兽化/幻想特征
tall,体型/身材
tall_female,体型/身材
tall_miku_short_teto_(meme),体型/身材
talons,四肢/手脚
tamandua_ears,脸部/头部特征
tamandua_tail,种族/兽化/幻想特征
tamaranean,种族/兽化/幻想特征
tan,皮肤/体表
tanlines,皮肤/体表
tapir_ears,脸部/头部特征
tapir_girl,种族/兽化/幻想特征
tapir_tail,种族/兽化/幻想特征
tareme,眼睛/瞳孔
tarutaru,种族/兽化/幻想特征
tasmanian_devil_ears,脸部/头部特征
tasmanian_devil_tail,种族/兽化/幻想特征
tattoo,纹身/疤痕/穿孔/标记
taur,种族/兽化/幻想特征
tauren_(warcraft),种族/兽化/幻想特征
tear_(maplestory),纹身/疤痕/穿孔/标记
tear_troughs,脸部/头部特征
teardrop_facial_mark,纹身/疤痕/穿孔/标记
teeth,脸部/头部特征
tengu,种族/兽化/幻想特征
tentacle_girl,种族/兽化/幻想特征
tentacle_hair,头发/发型
terminid_(helldivers),种族/兽化/幻想特征
testicle_peek,生殖/私密部位
text_in_eyes,眼睛/瞳孔
text_in_mouth,脸部/头部特征
text_tattoo,纹身/疤痕/穿孔/标记
thick_arms,四肢/手脚
thick_beard,脸部/头部特征
thick_eyebrows,脸部/头部特征
thick_eyelashes,脸部/头部特征
thick_lips,脸部/头部特征
thick_mustache,脸部/头部特征
thick_neck,体型/身材
thick_thighs,四肢/手脚
thigh_gap,四肢/手脚
thighs,四肢/手脚
third_eye,异常解剖/附加器官
third_eye_on_chest,异常解剖/附加器官
third_eyelid,脸部/头部特征
three_sizes,体型/身材
throat,脸部/头部特征
thumb,四肢/手脚
tied_beard,脸部/头部特征
tied_hair,头发/发型
tiefling,种族/兽化/幻想特征
tiger_ears,脸部/头部特征
titan_shifter_scars,纹身/疤痕/穿孔/标记
toddler,年龄/性别/身份
toenails,皮肤/体表
toes,四肢/手脚
togruta,种族/兽化/幻想特征
tomboy,年龄/性别/身份
toned,体型/身材
toned_female,体型/身材
toned_male,体型/身材
tongue,脸部/头部特征
tongue_piercing,纹身/疤痕/穿孔/标记
too_many_arms,异常解剖/附加器官
too_short,体型/身材
tooth,脸部/头部特征
tooth_gap,脸部/头部特征
toothbrush_mustache,脸部/头部特征
topknot,头发/发型
topless_male,胸部特征
torakoishi,其他
torn_wings,种族/兽化/幻想特征
torso,体型/身材
tortoiseshell_cat,皮肤/体表
tracheotomy,纹身/疤痕/穿孔/标记
track_marks,纹身/疤痕/穿孔/标记
tramp_stamp,纹身/疤痕/穿孔/标记
translucent_ears,脸部/头部特征
translucent_hair,头发/发型
transparent_hand,四肢/手脚
transparent_neopet,种族/兽化/幻想特征
transparent_wings,种族/兽化/幻想特征
tree_horns,种族/兽化/幻想特征
tri_hair_rings,头发/发型
tri_tails,异常解剖/附加器官
triangle-shaped_pupils,眼睛/瞳孔
triangle_facial_mark,纹身/疤痕/穿孔/标记
triangle_nose,脸部/头部特征
tribal_tattoo,纹身/疤痕/穿孔/标记
triforce_tattoo,纹身/疤痕/穿孔/标记
trimmed_tail,种族/兽化/幻想特征
triple_amputee,四肢/手脚
triple_bun,头发/发型
triplets,年龄/性别/身份
troll,种族/兽化/幻想特征
troll_(homestuck),种族/兽化/幻想特征
tsurime,眼睛/瞳孔
turian,种族/兽化/幻想特征
turtle_boy,种族/兽化/幻想特征
turtle_girl,种族/兽化/幻想特征
tusks,脸部/头部特征
tuxedo_cat,皮肤/体表
twi'lek,种族/兽化/幻想特征
twin_braids,头发/发型
twin_drills,头发/发型
twins,年龄/性别/身份
twintails,头发/发型
twintails_with_braided_base,头发/发型
twintails_with_hair_base,头发/发型
twisted_breasts,胸部特征
twisted_hair,头发/发型
twitching_penis,生殖/私密部位
two-tone_beard,脸部/头部特征
two-tone_eyes,眼睛/瞳孔
two-tone_fur,皮肤/体表
two-tone_hair,头发/发型
two-tone_horns,种族/兽化/幻想特征
two-tone_skin,皮肤/体表
two-tone_tail,种族/兽化/幻想特征
two-tone_wings,种族/兽化/幻想特征
two_side_up,头发/发型
two_tails,异常解剖/附加器官
udder,胸部特征
ugly_man,其他
ugly_woman,其他
ultra_ego_(dragon_ball),其他
ultraman_zero_wildburst,其他
umamusume_tanuki,种族/兽化/幻想特征
unaligned_breasts,胸部特征
uncommon_pussy,生殖/私密部位
unconventional_snake_hair,头发/发型
undead,种族/兽化/幻想特征
underboob,胸部特征
underbutt,生殖/私密部位
undercut,头发/发型
undersized_pokemon,种族/兽化/幻想特征
uneven_horns,种族/兽化/幻想特征
uneven_twintails,头发/发型
uniboob,胸部特征
unibrow,脸部/头部特征
unicorn_boy,种族/兽化/幻想特征
unicorn_girl,种族/兽化/幻想特征
unkempt,其他
unusual_nipples,胸部特征
unusually_highlighted_eyes,眼睛/瞳孔
unusually_visible,其他
updo,头发/发型
upper_teeth_only,脸部/头部特征
upright_ahoge,头发/发型
upside-down_penis,生殖/私密部位
urajiro,皮肤/体表
urethra,生殖/私密部位
urna,纹身/疤痕/穿孔/标记
uvula,脸部/头部特征
v-bangs,头发/发型
v-taper,体型/身材
vaccine_scar,纹身/疤痕/穿孔/标记
vagina_dentata,生殖/私密部位
vaginal_prolapse,生殖/私密部位
vampire,种族/兽化/幻想特征
veins,皮肤/体表
veiny_breasts,胸部特征
veiny_clitoris,生殖/私密部位
veiny_hands,四肢/手脚
veiny_penis,生殖/私密部位
veiny_tentacles,异常解剖/附加器官
veiny_testicles,生殖/私密部位
veiny_thighs,四肢/手脚
very_big_eyes,眼睛/瞳孔
very_dark_skin,皮肤/体表
very_hairy,皮肤/体表
very_long_beard,脸部/头部特征
very_long_fingernails,四肢/手脚
very_long_hair,头发/发型
very_long_mustache,脸部/头部特征
very_long_tail,种族/兽化/幻想特征
very_long_toenails,四肢/手脚
very_long_tongue,脸部/头部特征
very_low_bun,头发/发型
very_short_hair,头发/发型
very_sweaty,皮肤/体表
viera,种族/兽化/幻想特征
virgin,年龄/性别/身份
vitiligo,皮肤/体表
vortigaunt,种族/兽化/幻想特征
vulcan,种族/兽化/幻想特征
wall-eyed,眼睛/瞳孔
wardress_(nikke),年龄/性别/身份
warrior,年龄/性别/身份
wasp_girl,种族/兽化/幻想特征
water_neopet,种族/兽化/幻想特征
wattle,脸部/头部特征
wavy_hair,头发/发型
weasel_ears,种族/兽化/幻想特征
weasel_girl,种族/兽化/幻想特征
weasel_tail,种族/兽化/幻想特征
webbed_hands,四肢/手脚
weight_gain,体型/身材
wendigo,种族/兽化/幻想特征
werehog,种族/兽化/幻想特征
werewolf,种族/兽化/幻想特征
western_dragon,种族/兽化/幻想特征
wet,皮肤/体表
wet_hair,头发/发型
wet_tail,种族/兽化/幻想特征
whale_girl,种族/兽化/幻想特征
whip_marks,纹身/疤痕/穿孔/标记
whisker_markings,脸部/头部特征
whiskers,脸部/头部特征
white_blood,异常解剖/附加器官
white_eyelashes,脸部/头部特征
white_eyes,眼睛/瞳孔
white_fur,皮肤/体表
white_hair,头发/发型
white_horns,种族/兽化/幻想特征
white_lips,脸部/头部特征
white_mouth,脸部/头部特征
white_nails,四肢/手脚
white_pubic_hair,生殖/私密部位
white_pupils,眼睛/瞳孔
white_pussy,生殖/私密部位
white_scales,皮肤/体表
white_skin,皮肤/体表
white_streaks,头发/发型
white_tail,种族/兽化/幻想特征
white_wings,种族/兽化/幻想特征
white_wolf,种族/兽化/幻想特征
wide_face,脸部/头部特征
wide_hips,体型/身材
wide_ponytail,头发/发型
widow's_peak,脸部/头部特征
wilted_ahoge,头发/发型
wing_ears,脸部/头部特征
winged_animal,种族/兽化/幻想特征
winged_arms,异常解剖/附加器官
winged_cat,种族/兽化/幻想特征
wings,种族/兽化/幻想特征
wispy_bangs,头发/发型
witch,年龄/性别/身份
witch's_kiss,纹身/疤痕/穿孔/标记
wizard,年龄/性别/身份
wolf_boy,种族/兽化/幻想特征
wolf_cut,头发/发型
wolf_ears,种族/兽化/幻想特征
wolf_girl,种族/兽化/幻想特征
wolf_tail,种族/兽化/幻想特征
wolverine_ears,种族/兽化/幻想特征
womb_spasm,生殖/私密部位
wookiee,种族/兽化/幻想特征
wrestler,年龄/性别/身份
wrinkled_skin,皮肤/体表
wrong_hand,异常解剖/附加器官
x-shaped_pupils,眼睛/瞳孔
x_anus,生殖/私密部位
x_facial_mark,纹身/疤痕/穿孔/标记
x_navel,其他
y_shaped_butt_crack,生殖/私密部位
yellow-eyed_penguin,种族/兽化/幻想特征
yellow_eyes,眼睛/瞳孔
yellow_forehead,脸部/头部特征
yellow_fur,皮肤/体表
yellow_horns,种族/兽化/幻想特征
yellow_lips,脸部/头部特征
yellow_nails,皮肤/体表
yellow_nipples,胸部特征
yellow_pupils,眼睛/瞳孔
yellow_pussy,生殖/私密部位
yellow_scales,皮肤/体表
yellow_sclera,眼睛/瞳孔
yellow_skin,皮肤/体表
yellow_tail,种族/兽化/幻想特征
yellow_teeth,脸部/头部特征
yellow_tongue,脸部/头部特征
yellow_wings,种族/兽化/幻想特征
yin_yang_tattoo,纹身/疤痕/穿孔/标记
yordle,种族/兽化/幻想特征
yuiwata,头发/发型
yuki_onna,种族/兽化/幻想特征
yurie_mouth,脸部/头部特征
zabrak,种族/兽化/幻想特征
zanburg,种族/兽化/幻想特征
zebesian,种族/兽化/幻想特征
zebra_ears,种族/兽化/幻想特征
zebra_tail,种族/兽化/幻想特征
zentradi,种族/兽化/幻想特征
zombie,种族/兽化/幻想特征
zombification,异常解剖/附加器官
zonai,种族/兽化/幻想特征
zora,种族/兽化/幻想特征
zuiyin,其他
